feature1,feature2,target
1.5,2.3,0
2.1,3.4,1
3.2,1.8,0
4.5,2.9,1
1.8,3.1,0
2.9,2.2,1
3.5,1.5,0
4.1,3.8,1
2.3,2.7,0
3.8,3.2,1
1.2,2.9,0
4.8,2.1,1
2.7,3.5,1
3.1,1.9,0
4.3,2.6,1
1.9,3.3,0
2.5,2.4,1
3.9,1.7,0
4.6,3.1,1
2.2,2.8,0
3.3,2.5,1
1.7,3.6,0
4.4,2.3,1
2.8,1.6,0
3.6,3.9,1
